INDICATOR_CODE,DIAGNOSIS_GROUP,AIC_FULL,SCHWARTZ_FULL,NEG2LOGL_FULL,AIC_INTERCEPT,SCHWARTZ_INTERCEPT,NEG2LOGL_INTERCEPT,LIKELIHOOD_RATIO_CHI_SQUARE,LIKELIHOOD_RATIO_DF,LIKELIHOOD_RATIO_P_VALUE,SCORE_CHI_SQUARE,SCORE_DF,SCORE_P_VALUE,WALD_CHI_SQUARE,WALD_DF,WALD_P_VALUE,PERCENT_CONCORDANT,PERCENT_DISCORDANT,PERCENT_TIED,PAIRS,SOMERS_D,GAMMA,TAU_A,C
I00699,1,1575.996,1750.2958,1523.996,1987.513,1994.2169,1985.513,461.5171,25,0,724.5932,25,0,333.582,25,0,85.7786,13.9408,0.2806,1360885,0.7184,0.7204,0.0539,0.8592
I00699,2,343039.8487,343322.3349,342987.8487,384304.9245,384315.7894,384302.9245,41315.0758,25,0,36863.7834,25,0,27310.5701,25,0,71.7774,27.1592,1.0634,23691190572,0.4462,0.451,0.1415,0.7231
I00699,3,5364.9535,5563.218,5312.9535,6645.5384,6653.164,6643.5384,1330.5849,25,0,1372.2073,25,0,600.9512,25,0,83.0611,16.443,0.4959,12380760,0.6662,0.6695,0.0719,0.8331
I00699,4,3201.1034,3390.3775,3149.1034,3773.7598,3781.0395,3771.7598,622.6564,25,0,621.9934,25,0,343.6085,25,0,81.7364,17.8919,0.3717,4679928,0.6384,0.6408,0.052,0.8192
I00699,5,1791.1588,1837.9968,1777.1588,1845.3822,1852.0733,1843.3822,66.2234,6,0,69.1308,6,0,65.2087,6,0,63.6232,31.5132,4.8636,1227504,0.3211,0.3375,0.0223,0.6605
I00699,6,8593.3425,8875.7969,8541.3425,13024.4433,13035.307,13022.4433,4481.1008,25,0,16312.7998,25,0,2577.2577,25,0,95.9148,3.9054,0.1798,356592414,0.9201,0.9218,0.0044,0.96
I00699,7,13173.0731,13396.9778,13121.0731,17749.1097,17757.7214,17747.1097,4626.0366,25,0,5319.4406,25,0,3115.9272,25,0,86.5696,13.1611,0.2693,88576335,0.7341,0.7361,0.0789,0.867
I00699,8,21193.0888,21373.0826,21149.0888,25797.7375,25805.919,25795.7375,4646.6486,21,0,4084.0074,21,0,3123.2252,21,0,78.6167,20.8808,0.5026,107987178,0.5774,0.5803,0.1788,0.7887
I00699,9,13825.4366,13996.0514,13781.4366,17365.2642,17373.0195,17363.2642,3581.8277,21,0,3097.8676,21,0,2193.2653,21,0,79.8445,19.6377,0.5178,47970659,0.6021,0.6052,0.1943,0.801
I00699,10,32123.4327,32343.4402,32075.4327,44826.5703,44835.7373,44824.5703,12749.1376,23,0,12436.6399,23,0,7246.5651,23,0,86.8084,12.8663,0.3254,435465450,0.7394,0.7418,0.1286,0.8697
I00699,11,17202.2227,17394.5408,17158.2227,25315.8581,25324.5999,25313.8581,8155.6355,21,0,8783.7536,21,0,4698.2336,21,0,88.9517,10.7817,0.2666,153681768,0.7817,0.7838,0.1123,0.8908
I00699,12,15026.4835,15233.4511,14974.4835,20415.2112,20423.1715,20413.2112,5438.7277,25,0,4866.6719,25,0,3064.8352,25,0,83.7976,15.7472,0.4552,68187378,0.6805,0.6836,0.2071,0.8403
I00699,13,24631.8034,24826.9632,24583.8034,29981.7958,29989.9275,29979.7958,5395.9924,23,0,4585.0336,23,0,3569.8986,23,0,77.3879,22.0178,0.5942,128344069,0.5537,0.557,0.2251,0.7769
I00699,14,9945.4124,10142.4161,9893.4124,12737.8626,12745.4397,12735.8626,2842.4502,25,0,2472.4826,25,0,1714.8848,25,0,82.1205,17.4536,0.426,28124561,0.6467,0.6494,0.1747,0.8233
I00699,15,69952.8384,70194.1137,69900.8384,90899.5565,90908.8363,90897.5565,20996.7181,25,0,17109.6539,25,0,10844.226,25,0,80.022,19.3654,0.6126,1209202050,0.6066,0.6103,0.2338,0.8033
I00699,16,4134.5413,4299.2466,4084.5413,5175.6134,5182.2016,5173.6134,1089.0721,24,0,937.524,24,0,617.2395,24,0,80.2512,19.142,0.6069,4381456,0.6111,0.6148,0.1859,0.8055
I00699,17,5080.7699,5293.4534,5028.7699,8784.5571,8792.7372,8782.5571,3753.7872,25,0,5396.6276,25,0,1967.7026,25,0,93.7821,6.0524,0.1654,26420233,0.8773,0.8788,0.0666,0.9386
I00699,18,15799.4769,16010.1546,15755.4769,32422.6561,32432.2324,32420.6561,16665.1792,21,0,25964.0823,21,0,5344.3179,21,0,95.9696,3.8218,0.2085,384761685,0.9215,0.9234,0.0625,0.9607
I00699,19,5305.3756,5491.5515,5259.3756,9909.5213,9917.6159,9907.5213,4648.1457,22,0,6754.0117,22,0,2136.4998,22,0,94.5446,5.1731,0.2824,28941211,0.8937,0.8962,0.0882,0.9469
I00699,20,4284.4726,4479.0282,4234.4726,6871.1537,6878.9359,6869.1537,2634.6811,24,0,3131.9917,24,0,1327.49,24,0,92.6244,7.1432,0.2324,14464164,0.8548,0.8568,0.0788,0.9274
I00699,21,10949.0112,11158.8735,10897.0112,15638.6682,15646.7399,15636.6682,4739.657,25,0,4535.8854,25,0,2555.365,25,0,87.6643,11.702,0.6336,51480912,0.7596,0.7645,0.1397,0.8798
I00699,22,18346.8656,18585.7053,18294.8656,31488.2963,31497.4824,31486.2963,13191.4307,25,0,15000.3205,25,0,4222.6227,25,0,93.0687,6.3847,0.5466,279026244,0.8668,0.8716,0.093,0.9334
I00699,23,16085.8868,16330.7725,16033.8868,27288.6265,27298.0452,27286.6265,11252.7397,25,0,19174.2249,25,0,6707.1876,25,0,93.0489,6.7267,0.2244,275560320,0.8632,0.8652,0.0574,0.9316
I00699,24,9934.4499,10153.0024,9882.4499,16105.9463,16114.3522,16103.9463,6221.4964,25,0,7152.6609,25,0,2969.2189,25,0,91.5772,8.1708,0.252,67503942,0.8341,0.8362,0.1031,0.917
I00699,25,16142.1071,16355.4679,16090.1071,19149.2176,19157.4237,19147.2176,3057.1104,25,0,2787.8346,25,0,1968.7383,25,0,78.4853,21.2189,0.2957,73700929,0.5727,0.5744,0.1152,0.7863
I00699,26,24270.3247,24503.4013,24218.3247,30541.8766,30550.8411,30539.8766,6321.5519,25,0,6672.8293,25,0,4439.6632,25,0,83.1146,16.6295,0.2559,229247500,0.6649,0.6666,0.0913,0.8324
I00699,27,29726.2444,29962.2043,29674.2444,34773.4746,34782.55,34771.4746,5097.2302,25,0,4861.2879,25,0,3675.4515,25,0,78.7151,21.0297,0.2552,293274465,0.5769,0.5783,0.0812,0.7884
I00699,28,13263.4361,13449.6174,13219.4361,16379.5316,16387.9943,16377.5316,3158.0955,21,0,3378.2838,21,0,2277.8374,21,0,82.5388,17.1473,0.3139,71829810,0.6539,0.656,0.0767,0.827
I00699,29,4628.3726,4813.8735,4576.3726,7035.1161,7042.2507,7033.1161,2456.7435,25,0,2183.1156,25,0,1146.7762,25,0,89.1507,10.6417,0.2076,9485100,0.7851,0.7867,0.1733,0.8925
I00699,30,98741.7117,98995.73,98689.7117,115147.6687,115157.4386,115145.6687,16455.957,25,0,13801.4507,25,0,9737.467,25,0,74.8155,24.4247,0.7597,2285497733,0.5039,0.5078,0.1378,0.752
I00699,31,22445.621,22674.2626,22393.621,38321.1749,38329.9688,38319.1749,15925.5539,25,0,15029.7908,25,0,6255.7766,25,0,91.4179,8.3096,0.2725,274842332,0.8311,0.8334,0.1924,0.9155
I00699,32,9196.0842,9430.3907,9144.0842,12409.1212,12418.133,12407.1212,3263.037,25,0,3969.8131,25,0,2017.4524,25,0,89.4467,10.39,0.1633,75909120,0.7906,0.7919,0.0327,0.8953
I00699,33,4904.006,5162.2769,4852.006,6650.5846,6660.5181,6648.5846,1796.5786,25,0,3901.0062,25,0,1580.5009,25,0,91.7253,8.1373,0.1373,74983766,0.8359,0.837,0.0054,0.9179
I00699,34,6136.5433,6369.5956,6084.5433,7518.0793,7527.0429,7516.0793,1431.536,25,0,1684.1308,25,0,633.0385,25,0,86.8203,12.7111,0.4685,39583678,0.7411,0.7446,0.0176,0.8705
I00699,35,19141.5092,19386.9167,19089.5092,23926.4252,23935.8639,23924.4252,4834.916,25,0,6216.259,25,0,3021.1157,25,0,85.4671,14.1362,0.3967,237193638,0.7133,0.7161,0.0393,0.8567
I00699,36,18071.5546,18319.1452,18019.5546,22478.2161,22487.7389,22476.2161,4456.6615,25,0,4622.2292,25,0,1801.9008,25,0,85.3802,14.1488,0.471,233811423,0.7123,0.7157,0.0327,0.8562
I00699,37,67602.3637,67859.1014,67550.3637,73938.7243,73948.5989,73936.7243,6386.3607,25,0,5975.1592,25,0,4640.3941,25,0,71.9188,27.0689,1.0123,1368303970,0.4485,0.4531,0.0596,0.7242
I00699,38,26390.2514,26640.1333,26338.2514,33836.6137,33846.2245,33834.6137,7496.3623,25,0,8201.5122,25,0,3963.9602,25,0,86.2762,13.4004,0.3234,416548836,0.7288,0.7311,0.0499,0.8644
I00699,39,45115.6453,45376.968,45063.6453,49669.7942,49679.845,49667.7942,4604.1488,25,0,4106.6232,25,0,2997.5651,25,0,74.4913,24.8021,0.7066,935794298,0.4969,0.5004,0.0317,0.7484
I00699,40,2483.0293,2685.9232,2431.0293,2883.8762,2891.6798,2881.8762,450.8468,25,0,651.5392,25,0,286.9557,25,0,82.3234,17.1398,0.5368,4971780,0.6518,0.6554,0.0198,0.8259
I00699,41,6216.4593,6458.9846,6164.4593,8566.342,8575.6699,8564.342,2399.8827,25,0,4523.0724,25,0,1639.3659,25,0,91.3977,8.4589,0.1435,61850107,0.8294,0.8306,0.0149,0.9147
I00699,42,69071.8928,69318.745,69019.8928,70915.5722,70925.0665,70913.5722,1893.6794,25,0,1629.7972,25,0,1309.1264,25,0,60.291,37.943,1.7659,996544000,0.2235,0.2275,0.0462,0.6117
I00699,43,12385.5835,12648.9798,12333.5835,13609.106,13619.2366,13607.106,1273.5225,25,0,1685.7249,25,0,1049.2977,25,0,77.3201,22.1295,0.5504,205184889,0.5519,0.555,0.0066,0.776
I00699,44,12912.7317,13143.824,12860.7317,13712.7735,13721.6617,13710.7735,850.0418,25,0,735.062,25,0,502.3765,25,0,69.8425,29.184,0.9736,78260640,0.4066,0.4106,0.0222,0.7033
I00699,45,1190.3497,1401.7883,1138.3497,1372.9415,1381.0737,1370.9415,232.5918,25,0,329.2624,25,0,105.2674,25,0,87.4513,12.3093,0.2395,2653710,0.7514,0.7532,0.0063,0.8757
I00699,46,8865.3956,9085.1073,8813.3956,11467.5426,11475.9931,11465.5426,2652.147,25,0,4210.8273,25,0,2134.409,25,0,85.9949,13.7593,0.2458,45152000,0.7224,0.7241,0.0546,0.8612
I00699,47,7778.1128,7971.0403,7728.1128,8607.7169,8615.434,8605.7169,877.604,24,0,736.6832,24,0,474.803,24,0,73.1528,25.7796,1.0676,18450398,0.4737,0.4788,0.0634,0.7369
I00699,48,13754.6803,13979.7953,13702.6803,16045.5463,16054.2045,16043.5463,2340.866,25,0,2098.9644,25,0,1438.9964,25,0,79.631,20.0682,0.3008,80507630,0.5956,0.5974,0.053,0.7978
I00699,49,3111.992,3315.4459,3059.992,3791.4102,3799.2354,3789.4102,729.4182,25,0,851.8727,25,0,370.8808,25,0,85.6099,13.9583,0.4318,7077882,0.7165,0.7196,0.0297,0.8583
I00699,50,26612.9285,26882.2912,26560.9285,33774.5795,33784.9396,33772.5795,7211.651,25,0,10802.9531,25,0,4435.67,25,0,87.9772,11.6915,0.3313,735431560,0.7629,0.7654,0.0206,0.8814
I00699,51,16703.95,16907.4852,16651.95,17905.6763,17913.5046,17903.6763,1251.7263,25,0,1079.022,25,0,909.0935,25,0,67.9493,31.5786,0.4721,52423894,0.3637,0.3654,0.1108,0.6819
I00699,52,11715.7744,12007.3427,11663.7744,14094.308,14105.5222,14092.308,2428.5336,25,0,4271.173,25,0,1834.0764,25,0,89.1946,10.6013,0.2042,524682326,0.7859,0.7875,0.0027,0.893
I00699,53,26313.9507,26582.551,26261.9507,31925.8337,31936.1645,31923.8337,5661.883,25,0,6312.366,25,0,3130.5247,25,0,85.8402,13.8716,0.2883,671133124,0.7197,0.7218,0.0188,0.8598
I00699,54,17478.1571,17712.2978,17426.1571,19601.731,19610.7364,19599.731,2173.5739,25,0,2123.3076,25,0,1605.2753,25,0,76.6756,22.7496,0.5749,133779168,0.5393,0.5424,0.0398,0.7696
I00699,55,11990.2592,12217.1047,11938.2592,13862.2776,13871.0025,13860.2776,1922.0185,25,0,2115.1381,25,0,1542.9434,25,0,79.8003,19.8191,0.3806,70235870,0.5998,0.6021,0.0408,0.7999
I00699,56,5326.453,5556.3813,5274.453,6530.7014,6539.5448,6528.7014,1254.2485,25,0,1435.1021,25,0,832.7427,25,0,86.9746,12.5983,0.4271,30357000,0.7438,0.747,0.0172,0.8719
I00699,57,117364.167,117613.7956,117316.167,132810.0015,132820.4027,132808.0015,15491.8346,23,0,16632.1576,23,0,12987.6703,23,0,75.6708,23.5734,0.7558,4235791707,0.521,0.5249,0.0747,0.7605
I00699,58,39629.7006,39905.7605,39577.7006,44115.6105,44126.2282,44113.6105,4535.9099,25,0,5585.0591,25,0,4061.8049,25,0,77.7375,21.7119,0.5506,1245438728,0.5603,0.5634,0.0153,0.7801
I00699,59,17287.1632,17584.0001,17235.1632,19810.4478,19821.8646,19808.4478,2573.2846,25,0,3957.7153,25,0,2112.1279,25,0,84.7902,14.8293,0.3805,922999558,0.6996,0.7023,0.0029,0.8498
I00699,60,37149.7884,37395.424,37097.7884,41457.2178,41466.6653,41455.2178,4357.4293,25,0,4443.8376,25,0,3465.573,25,0,75.1462,24.2213,0.6325,478972148,0.5092,0.5125,0.0556,0.7546
I00699,61,2082.1584,2259.4966,2030.1584,2290.1755,2296.9962,2288.1755,258.0171,25,0,222.0283,25,0,155.2959,25,0,76.7425,22.6497,0.6078,1774500,0.5409,0.5442,0.0419,0.7705
I00699,62,10670.5073,10898.6593,10618.5073,12131.8173,12140.5924,12129.8173,1511.31,25,0,1499.3689,25,0,1063.0445,25,0,78.8554,20.2691,0.8755,61688249,0.5859,0.591,0.0316,0.7929
I00699,63,47092.438,47374.3438,47040.438,55255.7371,55266.5796,55253.7371,8213.2991,25,0,9788.2637,25,0,5901.4185,25,0,83.004,16.4021,0.5939,1953394074,0.666,0.67,0.0182,0.833
I00699,64,20558.602,20757.7557,20506.602,21669.9642,21677.624,21667.9642,1161.3622,25,0,1105.8047,25,0,991.8029,25,0,64.6126,34.7669,0.6205,61180425,0.2985,0.3003,0.1487,0.6492
I00699,65,180222.9773,180492.2008,180170.9773,188354.7574,188365.1122,188352.7574,8181.7802,25,0,7716.4804,25,0,7137.3604,25,0,64.5045,34.2642,1.2313,6502229139,0.3024,0.3062,0.073,0.6512
I00699,66,252247.9697,252524.1403,252195.9697,271846.3069,271856.9288,271844.3069,19648.3372,25,0,20319.3118,25,0,18051.2749,25,0,68.8486,30.2858,0.8655,12680094850,0.3856,0.389,0.1064,0.6928
I00699,67,11183.2083,11427.3891,11131.2083,12148.1988,12157.5904,12146.1988,1014.9905,25,0,1140.9179,25,0,883.156,25,0,75.5661,23.5945,0.8394,99240995,0.5197,0.5241,0.0131,0.7599
I00699,68,38653.7367,38890.0717,38601.7367,49005.5345,49014.6243,49003.5345,10401.7978,25,0,9398.6585,25,0,6113.3187,25,0,82.1601,17.3464,0.4935,464792091,0.6481,0.6514,0.1404,0.8241
I00699,69,23261.6611,23487.4238,23209.6611,30288.7227,30297.4059,30286.7227,7077.0616,25,0,6983.9458,25,0,4445.5083,25,0,83.7269,15.8945,0.3786,186724848,0.6783,0.6809,0.1332,0.8392
I00699,70,9022.3048,9229.1851,8970.3048,10880.3255,10888.2825,10878.3255,1908.0207,25,0,1810.6332,25,0,1267.2565,25,0,80.9647,18.4842,0.5511,29595957,0.6248,0.6283,0.0831,0.8124
I00699,71,25944.6379,26194.597,25892.6379,27679.0223,27688.6361,27677.0223,1784.3843,25,0,1614.8028,25,0,1306.1439,25,0,70.8685,28.1991,0.9325,324518584,0.4267,0.4307,0.0226,0.7133
I00699,72,18824.3956,19079.724,18772.3956,22610.8168,22620.6371,22608.8168,3836.4212,25,0,4354.799,25,0,2392.0382,25,0,84.6763,14.9182,0.4055,295912512,0.6976,0.7004,0.0223,0.8488
I00699,73,656648.8728,656949.998,656596.8728,730638.7766,730650.3584,730636.7766,74039.9038,25,0,65555.7512,25,0,48939.25,25,0,71.2027,27.7637,1.0336,89879490140,0.4344,0.4389,0.1246,0.7172
I00699,74,108467.0811,108755.7646,108415.0811,138666.2634,138677.3666,138664.2634,30249.1822,25,0,33804.2693,25,0,12827.7544,25,0,86.0301,13.4406,0.5293,7434392504,0.7259,0.7298,0.0449,0.8629
I00699,75,189456.919,189742.2064,189404.919,198320.1023,198331.0749,198318.1023,8913.1833,25,0,8837.8082,25,0,7695.6665,25,0,66.2461,32.9387,0.8153,10651865120,0.3331,0.3358,0.0383,0.6665
I00699,76,7815.5535,8080.696,7763.5535,9932.5724,9942.7702,9930.5724,2167.0189,25,0,5239.9494,25,0,1755.6101,25,0,89.7538,10.0053,0.2409,149381064,0.7975,0.7994,0.0061,0.8987
I00699,77,87412.1633,87650.64,87360.1633,94620.7274,94629.8995,94618.7274,7258.564,25,0,6491.2918,25,0,5365.0276,25,0,66.635,32.1426,1.2224,1194548715,0.3449,0.3492,0.1629,0.6725
I00699,78,45368.6318,45617.1526,45316.6318,52782.0215,52791.58,52780.0215,7463.3897,25,0,7122.8575,25,0,4772.3156,25,0,78.184,21.2879,0.5281,707679336,0.569,0.572,0.0735,0.7845
I00699,79,31102.7658,31318.8384,31050.7658,33618.0396,33626.3501,33616.0396,2565.2739,25,0,2426.5676,25,0,2088.6592,25,0,68.3891,30.8799,0.7309,168067248,0.3751,0.3779,0.1397,0.6875
I00699,80,3040.2984,3202.6784,2988.2984,3406.1529,3412.3983,3404.1529,415.8545,25,0,393.1555,25,0,271.7098,25,0,73.3413,25.9907,0.6679,1993184,0.4735,0.4767,0.1301,0.7368
I00699,81,34595.3713,34845.7339,34543.3713,42399.7911,42409.4204,42397.7911,7854.4198,25,0,7344.6976,25,0,3691.4319,25,0,82.9115,16.7677,0.3207,561943206,0.6614,0.6636,0.0589,0.8307
I00699,82,48328.3869,48632.0229,48276.3869,64894.1982,64905.8765,64892.1982,16615.8112,25,0,29242.9933,25,0,8641.2949,25,0,92.0796,7.7276,0.1928,4612209164,0.8435,0.8452,0.0102,0.9218
I00699,83,57236.0604,57515.6044,57184.0604,73904.156,73914.9077,73902.156,16718.0956,25,0,20295.2759,25,0,7018.525,25,0,87.6983,11.9188,0.3829,2603203015,0.7578,0.7607,0.0331,0.8789
I00699,84,15557.7571,15807.676,15505.7571,18285.999,18295.6112,18283.999,2778.2418,25,0,3268.9895,25,0,1917.0111,25,0,83.5839,16.1345,0.2816,194170059,0.6745,0.6764,0.0215,0.8372
I00699,85,5986.76,6186.8712,5934.76,7169.1575,7176.8541,7167.1575,1232.3975,25,0,1262.9779,25,0,763.6839,25,0,81.5483,18.0375,0.4141,14359525,0.6351,0.6377,0.069,0.8176
I00699,86,9918.0892,10163.0054,9866.0892,12055.098,12064.5179,12053.098,2187.0088,25,0,2851.4997,25,0,1381.9584,25,0,86.2993,13.4254,0.2754,100525532,0.7287,0.7308,0.0176,0.8644
I00699,87,18171.9997,18434.0333,18119.9997,24091.0015,24101.0797,24089.0015,5969.0018,25,0,7726.3704,25,0,3571.1413,25,0,89.9791,9.814,0.2069,390928500,0.8017,0.8033,0.0202,0.9008
I00699,88,4122.1698,4361.9118,4070.1698,5520.1355,5529.3563,5518.1355,1447.9657,25,0,3440.2067,25,0,1045.8468,25,0,91.2303,8.6079,0.1618,33546988,0.8262,0.8276,0.0099,0.9131
I00699,89,48120.9026,48367.4478,48068.9026,57083.4889,57092.9714,57081.4889,9012.5863,25,0,9455.9126,25,0,6576.3227,25,0,79.3584,20.0825,0.559,743070315,0.5928,0.5961,0.0936,0.7964
I00699,90,21030.3399,21294.6264,20978.3399,27629.2178,27639.3827,27627.2178,6648.8779,25,0,8754.9269,25,0,3522.6562,25,0,89.9005,9.8079,0.2916,494301465,0.8009,0.8033,0.0215,0.9005
I00699,91,13311.123,13569.5516,13259.123,22070.7219,22080.6615,22068.7219,8809.599,25,0,23098.9284,25,0,4630.5604,25,0,95.6051,4.2888,0.1061,315244664,0.9132,0.9141,0.0245,0.9566
I00699,92,50708.1548,50987.6064,50656.1548,65541.2997,65552.0478,65539.2997,14883.1449,25,0,19887.1515,25,0,9583.5892,25,0,88.3178,11.3946,0.2875,2238156900,0.7692,0.7714,0.0291,0.8846
I00699,93,40159.446,40353.0551,40115.446,42240.9797,42249.7801,42238.9797,2123.5336,21,0,1963.6949,21,0,1794.0963,21,0,65.4811,33.7278,0.791,314376014,0.3175,0.3201,0.083,0.6588
I00699,94,36027.5624,36267.7952,35975.5624,39987.2524,39996.4921,39985.2524,4009.69,25,0,3707.2633,25,0,2950.6415,25,0,73.763,25.6762,0.5608,394571709,0.4809,0.4836,0.0655,0.7404
I00699,95,21739.8855,21988.6575,21687.8855,26082.5933,26092.1615,26080.5933,4392.7078,25,0,5947.4996,25,0,3594.5163,25,0,82.9778,16.7112,0.311,291159857,0.6627,0.6647,0.0346,0.8313
I00699,96,77190.7589,77454.8044,77138.7589,88781.541,88791.6966,88779.541,11640.7821,25,0,11206.7538,25,0,7376.704,25,0,77.4024,21.9203,0.6773,2114578700,0.5548,0.5586,0.0649,0.7774
I00699,97,6102.2871,6312.6618,6050.2871,6815.5553,6823.6466,6813.5553,763.2682,25,0,677.4853,25,0,379.3083,25,0,76.4083,22.881,0.7107,17966916,0.5353,0.5391,0.033,0.7676
I00699,98,61409.8395,61681.7304,61357.8395,73861.0062,73871.4636,73859.0062,12501.1668,25,0,12264.1796,25,0,5815.816,25,0,82.516,17.0196,0.4644,2084301387,0.655,0.658,0.0413,0.8275
I00699,99,122220.2751,122478.9699,122168.2751,131907.7743,131917.7241,131905.7743,9737.4992,25,0,8723.3598,25,0,7283.71,25,0,68.3757,30.248,1.3763,3087484065,0.3813,0.3866,0.0983,0.6906
I00699,100,20327.0067,20584.6036,20275.0067,27330.3143,27340.2218,27328.3143,7053.3076,25,0,10800.2117,25,0,4547.5829,25,0,89.651,10.1641,0.1849,399498749,0.7949,0.7963,0.0288,0.8974
I00699,101,191196.3636,191487.3273,191144.3636,218116.2767,218127.4676,218114.2767,26969.9131,25,0,23251.9977,25,0,12584.0342,25,0,76.277,22.6128,1.1103,14073076160,0.5366,0.5427,0.0527,0.7683
I00699,102,14920.1001,15196.8568,14868.1001,20362.3963,20373.0408,20360.3963,5492.2962,25,0,8251.0118,25,0,3719.7168,25,0,92.1966,7.6368,0.1666,502724600,0.8456,0.847,0.0088,0.9228
I00699,103,17260.5876,17521.8755,17208.5876,19941.0096,19951.0591,19939.0096,2730.422,25,0,2857.2931,25,0,1665.2216,25,0,82.4373,16.6384,0.9243,303926304,0.658,0.6641,0.0137,0.829
I00699,104,5620.5926,5882.2301,5568.5926,7209.4607,7219.5236,7207.4607,1638.8681,25,0,2722.329,25,0,1034.4338,25,0,91.4266,8.2596,0.3138,91758924,0.8317,0.8343,0.0051,0.9158
I00699,105,4615.5451,4891.2233,4563.5451,7081.8238,7092.4268,7079.8238,2516.2787,25,0,7814.4167,25,0,1748.1854,25,0,95.8781,3.9983,0.1236,141360576,0.9188,0.9199,0.0029,0.9594
I00699,106,6195.7493,6544.6143,6143.7493,6566.2773,6579.6951,6564.2773,420.5279,25,0,1457.1313,25,0,565.6916,25,0,76.2294,19.9251,3.8455,1524099965,0.563,0.5856,0.0001,0.7815
I00699,107,52460.0573,52745.1984,52408.0573,67389.1161,67400.0831,67387.1161,14979.0588,25,0,20049.6815,25,0,8132.6624,25,0,88.4904,11.1167,0.3929,2742474180,0.7737,0.7768,0.0232,0.8869
I00699,108,29469.2436,29732.9338,29417.2436,40106.2459,40116.3878,40104.2459,10687.0023,25,0,14101.6891,25,0,5081.9383,25,0,90.0305,9.6382,0.3313,767482965,0.8039,0.8066,0.0351,0.902
I00699,109,9184.1852,9411.5207,9132.1852,11856.4241,11865.1678,11854.4241,2722.239,25,0,3361.5133,25,0,1601.3177,25,0,87.2529,12.3404,0.4068,58546800,0.7491,0.7522,0.0409,0.8746
I00699,110,21510.9122,21770.9742,21458.9122,25245.2065,25255.2088,25243.2065,3784.2942,25,0,3945.2963,25,0,1975.4624,25,0,82.9262,16.3311,0.7428,390057732,0.666,0.6709,0.0195,0.833
I00699,111,23245.403,23521.9503,23193.403,29139.614,29150.2505,29137.614,5944.211,25,0,7580.605,25,0,3429.617,25,0,88.8615,10.8822,0.2563,765683030,0.7798,0.7818,0.0126,0.8899
I00699,112,11258.2833,11469.4746,11206.2833,12597.4092,12605.532,12595.4092,1389.1259,25,0,1168.9539,25,0,885.8651,25,0,74.4235,24.6528,0.9237,40217912,0.4977,0.5023,0.0646,0.7489
I00699,113,64225.8718,64515.1131,64173.8718,72528.6204,72539.7451,72526.6204,8352.7487,25,0,8343.8193,25,0,4977.8665,25,0,79.5289,19.7179,0.7533,3392305407,0.5981,0.6026,0.0162,0.7991
I00699,114,15341.8883,15632.7124,15289.8883,18909.9944,18921.1799,18907.9944,3618.106,25,0,6551.895,25,0,3304.3553,25,0,88.742,11.0347,0.2233,720379068,0.7771,0.7788,0.0039,0.8885
I00699,115,4107.474,4320.9144,4055.474,4608.9758,4617.1851,4606.9758,551.5018,25,0,499.4476,25,0,308.5161,25,0,77.5907,18.8149,3.5944,12095100,0.5878,0.6097,0.0193,0.7939
I00699,116,7457.6575,7706.7847,7405.6575,8370.0383,8379.6201,8368.0383,962.3808,25,0,827.1438,25,0,461.9689,25,0,75.3,18.8309,5.8691,73762227,0.5647,0.5999,0.0073,0.7823
I00699,117,28765.1378,28885.1468,28741.1378,28800.766,28810.7668,28798.766,57.6283,11,0,76.2323,11,0,68.0567,11,0,44.9069,38.603,16.4901,457805776,0.063,0.0755,0.0022,0.5315
I00699,118,7859.2876,8036.297,7825.2876,7996.0023,8006.4146,7994.0023,168.7146,16,0,1980.9696,16,0,400.9017,16,0,45.1845,39.0176,15.7979,138563425,0.0617,0.0732,0.0003,0.5308
I00699,119,17841.1875,18033.7793,17805.1875,17994.5579,18005.2575,17992.5579,187.3705,17,0,815.2488,17,0,371.7659,17,0,45.8033,37.9763,16.2204,454406351,0.0783,0.0934,0.0007,0.5391
I00699,120,103262.3571,103527.4071,103210.3571,115082.5564,115092.7507,115080.5564,11870.1994,25,0,10919.8375,25,0,8845.7285,25,0,73.2344,25.0118,1.7538,3042477320,0.4822,0.4908,0.0751,0.7411
I00699,121,19977.8356,20250.1238,19925.8356,27092.2209,27102.6935,27090.2209,7164.3852,25,0,11359.3785,25,0,3232.5632,25,0,91.86,7.7437,0.3963,615473469,0.8412,0.8445,0.0152,0.9206
I00699,122,17774.2966,18038.3157,17722.2966,24206.4142,24216.5688,24204.4142,6482.1176,25,0,11095.9503,25,0,3751.4347,25,0,91.3222,8.3036,0.3743,417529312,0.8302,0.8333,0.0192,0.9151
I00699,123,50325.6807,50601.7367,50273.6807,64358.276,64368.8936,64356.276,14082.5954,25,0,16696.5741,25,0,6370.1818,25,0,87.2194,12.2397,0.5409,1980382545,0.7498,0.7539,0.0326,0.8749
I00699,124,53773.7637,54015.2873,53721.7637,58534.0259,58543.3153,58532.0259,4810.2622,25,0,4765.733,25,0,3942.9528,25,0,70.792,28.5287,0.6793,672969222,0.4226,0.4255,0.089,0.7113
I00699,125,14305.427,14557.2397,14253.427,17246.5608,17256.2459,17244.5608,2991.1338,25,0,4332.5556,25,0,2304.488,25,0,84.7384,14.876,0.3856,191315748,0.6986,0.7013,0.0189,0.8493
I00699,126,24184.2065,24445.1481,24132.2065,28720.8147,28730.8509,28718.8147,4586.6082,25,0,4765.4586,25,0,2010.5689,25,0,83.3,15.8235,0.8765,468921006,0.6748,0.6807,0.0222,0.8374
I00699,127,10876.1257,11133.3301,10824.1257,14745.8538,14755.7462,14743.8538,3919.728,25,0,6242.3023,25,0,1701.6948,25,0,91.8027,7.7804,0.4169,186455412,0.8402,0.8437,0.0147,0.9201
I00699,128,43398.1149,43671.0146,43346.1149,49332.613,49343.1091,49330.613,5984.4981,25,0,5892.2598,25,0,4254.1436,25,0,79.7791,19.736,0.485,1299681900,0.6004,0.6034,0.0218,0.8002
I00699,129,28836.255,29108.3769,28784.255,35235.2456,35245.7118,35233.2456,6448.9906,25,0,8943.006,25,0,4478.006,25,0,86.1573,13.5501,0.2926,841423185,0.7261,0.7282,0.0182,0.863
I00699,130,47542.4681,47816.1033,47490.4681,55602.8439,55613.3683,55600.8439,8110.3758,25,0,7793.619,25,0,3286.7738,25,0,81.1682,17.9283,0.9034,1539342269,0.6324,0.6382,0.0257,0.8162
I00699,131,3004.0447,3217.4323,2952.0447,3811.1539,3819.3611,3809.1539,857.1092,25,0,1360.8842,25,0,541.2543,25,0,88.669,11.0968,0.2342,9572920,0.7757,0.7775,0.0202,0.8879
I00699,132,21713.3798,21994.1338,21661.3798,25710.7358,25721.534,25708.7358,4047.3559,25,0,7951.6077,25,0,3870.588,25,0,84.022,15.5864,0.3916,751327830,0.6844,0.687,0.0079,0.8422
I00699,133,13334.8899,13569.6431,13282.8899,16065.546,16074.575,16063.546,2780.6561,25,0,3761.219,25,0,2092.8069,25,0,83.0141,16.6396,0.3463,106017373,0.6637,0.6661,0.037,0.8319
I00699,134,18775.0899,19039.3587,18723.0899,20847.4275,20857.5917,20845.4275,2122.3376,25,0,2304.3469,25,0,1380.7485,25,0,78.5994,20.7073,0.6932,351210154,0.5789,0.583,0.0111,0.7895
I00699,135,3119.5379,3361.1368,3067.5379,3808.1898,3817.4821,3806.1898,738.6519,25,0,1372.789,25,0,474.4272,25,0,89.0363,10.6409,0.3228,22934744,0.784,0.7865,0.0056,0.892
I00699,136,1859.598,2081.6844,1807.598,3000.4751,3009.0169,2998.4751,1190.8771,25,0,3242.0961,25,0,488.255,25,0,96.5168,3.3784,0.1048,9366384,0.9314,0.9324,0.0122,0.9657
I00699,137,10837.585,11082.9075,10785.585,13357.9291,13367.3646,13355.9291,2570.3441,25,0,3024.8657,25,0,1152.4081,25,0,86.5874,13.0571,0.3554,115292955,0.7353,0.7379,0.0198,0.8677
I00699,138,18469.2007,18765.2765,18417.2007,24643.1736,24654.5611,24641.1736,6223.9728,25,0,14092.3984,25,0,3698.0347,25,0,93.2357,6.599,0.1654,1160967868,0.8664,0.8678,0.0047,0.9332
I00699,139,6760.724,6975.6673,6708.724,7906.6868,7914.9538,7904.6868,1195.9628,25,0,1212.8375,25,0,605.6155,25,0,80.8858,18.4186,0.6955,24677340,0.6247,0.629,0.0373,0.8123
I00699,140,56182.8359,56476.2141,56130.8359,73400.7148,73411.9986,73398.7148,17267.8789,25,0,22256.1841,25,0,8586.3613,25,0,89.6905,10.0602,0.2493,3899981322,0.7963,0.7983,0.018,0.8982
